{
  "usuario1": [
    {
      "id": "a91ca2ea-2c3a-442a-8378-059e9f4d9046",
      "descripcion": "Descripción del gasto 1 del usuario 1",
      "valor": 25,
      "fecha": 1655456894000
    }
  ],
  "usuario2": [
    {
      "id": "a51fa3ea-8d39-622b-8368-093a96ef912c",
      "descripcion": "Descripción del gasto 1 del usuario 2",
      "valor": 35.1,
      "fecha": 1655457027000
    },
    {
      "descripcion": "Descripción del gasto 2 del usuario 2",
      "valor": 35.1,
      "fecha": 1655457126000,
      "id": "be488403-b32a-4171-93aa-864651275efa"
    }
  ]
}
